token	corpus size	all contexts size	frequency	co-frequency	specificity
consultas	121105	14678	176	158	121.91
suave	121105	14678	636	300	105.13
suaves	121105	14678	342	186	78.56
Arrancador	121105	14678	66	66	60.54
crédito	121105	14678	167	102	49.96
sistemas	121105	14678	93	63	35.12
metodología	121105	14678	61	49	33.37
Suave	121105	14678	104	60	27.83
regulación	121105	14678	114	63	27.72
consulta	121105	14678	51	39	25.23
aterrizaje	121105	14678	27	27	24.75
ejercicio	121105	14678	43	35	24.38
vacaciones	121105	14678	36	31	23.13
reggae	121105	14678	23	22	18.86
post	121105	14678	41	30	18.62
noche	121105	14678	53	34	18.16
una	121105	14678	1000	216	17.00
arrancador	121105	14678	26	22	16.22
rock	121105	14678	34	25	15.70
Las	121105	14678	136	54	15.59
patria	121105	14678	29	22	14.37
verificaciones	121105	14678	28	21	13.57
relevancia	121105	14678	17	16	13.49
SSM	121105	14678	17	16	13.49
puntaje	121105	14678	55	29	12.49
Diagrama	121105	14678	13	13	11.92
las	121105	14678	1132	218	11.84
sonrisa	121105	14678	29	20	11.84
invasión	121105	14678	12	12	11.00
ABB	121105	14678	12	12	11.00
coparoman	121105	14678	12	12	11.00
ordenadas	121105	14678	12	12	11.00
caricia	121105	14678	12	12	11.00
intentaron	121105	14678	12	12	11.00
clima	121105	14678	14	13	10.83
Mostrando	121105	14678	13	12	9.94
alternativa	121105	14678	13	12	9.94
tan	121105	14678	124	42	9.75
agua	121105	14678	84	33	9.72
aceleración	121105	14678	12	11	9.06
duras	121105	14678	34	19	8.99
utilizan	121105	14678	15	12	8.51
reporte	121105	14678	33	18	8.33
brisa	121105	14678	13	11	8.30
mandatorias	121105	14678	18	13	8.26
dígase	121105	14678	9	9	8.25
curva	121105	14678	11	10	8.18
es	121105	14678	874	162	7.96
afectan	121105	14678	25	15	7.80
Liso	121105	14678	22	14	7.78
para	121105	14678	999	179	7.62
Acerca	121105	14678	29	16	7.56
son	121105	14678	215	55	7.51
Studio	121105	14678	17	12	7.49
visibles	121105	14678	12	10	7.46
Source	121105	14678	10	9	7.31
platos	121105	14678	10	9	7.31
Último	121105	14678	15	11	7.17
Bamboo	121105	14678	15	11	7.17
arranque	121105	14678	13	10	6.88
ofrecen	121105	14678	13	10	6.88
habilidades	121105	14678	32	16	6.79
realizar	121105	14678	22	13	6.72
Blue	121105	14678	16	11	6.72
intimidad	121105	14678	11	9	6.62
empleadores	121105	14678	11	9	6.62
picante	121105	14678	11	9	6.62
minimalismo	121105	14678	9	8	6.43
sincera	121105	14678	9	8	6.43
géneros	121105	14678	23	13	6.42
labios	121105	14678	20	12	6.35
Aunque	121105	14678	35	16	6.12
utilizar	121105	14678	15	10	5.97
ejercicios	121105	14678	15	10	5.97
entradas	121105	14678	45	18	5.78
económico	121105	14678	13	9	5.62
Estudiar	121105	14678	8	7	5.57
cálido	121105	14678	30	14	5.57
su	121105	14678	785	137	5.53
inviernos	121105	14678	6	6	5.50
refrescante	121105	14678	6	6	5.50
arrancadores	121105	14678	6	6	5.50
Clase	121105	14678	6	6	5.50
compresores	121105	14678	6	6	5.50
Starter	121105	14678	6	6	5.50
CADe	121105	14678	6	6	5.50
Electrónico	121105	14678	6	6	5.50
Arranque	121105	14678	6	6	5.50
Motor	121105	14678	6	6	5.50
Trifásico	121105	14678	6	6	5.50
Partidor	121105	14678	6	6	5.50
Reconocimiento	121105	14678	6	6	5.50
Siemens	121105	14678	6	6	5.50
Sirius	121105	14678	6	6	5.50
3RW40	121105	14678	6	6	5.50
Cadesimu	121105	14678	6	6	5.50
ElectroScannerlaserena	121105	14678	6	6	5.50
Khalid	121105	14678	6	6	5.50
Cade	121105	14678	6	6	5.50
investigacion	121105	14678	6	6	5.50
5kw	121105	14678	6	6	5.50
400V	121105	14678	6	6	5.50
analogico	121105	14678	6	6	5.50
Danfoss	121105	14678	6	6	5.50
Mcd	121105	14678	6	6	5.50
202	121105	14678	6	6	5.50
Hp	121105	14678	6	6	5.50
440v	121105	14678	6	6	5.50
175g5217	121105	14678	6	6	5.50
motores	121105	14678	6	6	5.50
Ordenar	121105	14678	6	6	5.50
conspiración	121105	14678	6	6	5.50
Results	121105	14678	6	6	5.50
Showing	121105	14678	6	6	5.50
seconds	121105	14678	6	6	5.50
Como	121105	14678	48	18	5.32
Consulta	121105	14678	11	8	5.28
dura	121105	14678	17	10	5.27
reglas	121105	14678	14	9	5.23
cultura	121105	14678	28	13	5.18
Metodología	121105	14678	9	7	4.97
monitorear	121105	14678	9	7	4.97
crediticia	121105	14678	12	8	4.86
sin	121105	14678	275	57	4.76
Conexión	121105	14678	7	6	4.71
3A	121105	14678	7	6	4.71
Existen	121105	14678	7	6	4.71
Ejercicios	121105	14678	7	6	4.71
relajantes	121105	14678	7	6	4.71
realizan	121105	14678	7	6	4.71
Fitzgerald	121105	14678	27	12	4.60
herramienta	121105	14678	16	9	4.58
fundido	121105	14678	5	5	4.58
trifásicos	121105	14678	5	5	4.58
plans	121105	14678	5	5	4.58
SMC	121105	14678	5	5	4.58
75kw	121105	14678	5	5	4.58
Bs	121105	14678	5	5	4.58
sutilidad	121105	14678	5	5	4.58
bonitos	121105	14678	5	5	4.58
homogénea	121105	14678	5	5	4.58
releer	121105	14678	5	5	4.58
utilizadas	121105	14678	10	7	4.51
fuego	121105	14678	20	10	4.46
100	121105	14678	29	12	4.24
toque	121105	14678	21	10	4.24
mantener	121105	14678	25	11	4.22
marrón	121105	14678	8	6	4.16
barco	121105	14678	8	6	4.16
motor	121105	14678	18	9	4.07
un	121105	14678	1363	207	3.99
financiera	121105	14678	15	8	3.92
Veamos	121105	14678	6	5	3.86
autorregulación	121105	14678	6	5	3.86
Livari	121105	14678	6	5	3.86
Soft	121105	14678	12	7	3.80
Agua	121105	14678	12	7	3.80
ofertas	121105	14678	12	7	3.80
calidez	121105	14678	9	6	3.74
lograr	121105	14678	9	6	3.74
seguros	121105	14678	9	6	3.74
conectar	121105	14678	9	6	3.74
Pin	121105	14678	9	6	3.74
fases	121105	14678	9	6	3.74
Serie	121105	14678	9	6	3.74
Pantene	121105	14678	9	6	3.74
enfoques	121105	14678	9	6	3.74
prefieren	121105	14678	9	6	3.74
Qué	121105	14678	78	21	3.71
perfecto	121105	14678	28	11	3.70
suelen	121105	14678	16	8	3.67
regulatorios	121105	14678	16	8	3.67
mediante	121105	14678	16	8	3.67
salvia	121105	14678	4	4	3.67
empolvado	121105	14678	4	4	3.67
funcionaría	121105	14678	4	4	3.67
Weblos	121105	14678	4	4	3.67
Fotos	121105	14678	4	4	3.67
Brillo	121105	14678	4	4	3.67
cítricos	121105	14678	4	4	3.67
aprecia	121105	14678	4	4	3.67
frenar	121105	14678	4	4	3.67
evitarla	121105	14678	4	4	3.67
descansa	121105	14678	4	4	3.67
suspiro	121105	14678	4	4	3.67
corbatura	121105	14678	4	4	3.67
regazo	121105	14678	4	4	3.67
Montón	121105	14678	4	4	3.67
Trigo	121105	14678	4	4	3.67
preferencia	121105	14678	4	4	3.67
resultaron	121105	14678	4	4	3.67
utilizarlas	121105	14678	4	4	3.67
estratégicamente	121105	14678	4	4	3.67
Diferencias	121105	14678	4	4	3.67
proveedores	121105	14678	4	4	3.67
permanecen	121105	14678	4	4	3.67
deposite	121105	14678	4	4	3.67
8941946	121105	14678	4	4	3.67
economía	121105	14678	29	11	3.55
perros	121105	14678	34	12	3.49
tono	121105	14678	25	10	3.49
puede	121105	14678	141	31	3.42
Picture	121105	14678	10	6	3.40
Mostrar	121105	14678	10	6	3.40
regulaciones	121105	14678	10	6	3.40
sedoso	121105	14678	7	5	3.37
cálidos	121105	14678	7	5	3.37
Floor	121105	14678	7	5	3.37
montañas	121105	14678	7	5	3.37
grito	121105	14678	7	5	3.37
Sistemas	121105	14678	7	5	3.37
Hirschheim	121105	14678	7	5	3.37
realiza	121105	14678	7	5	3.37
—	121105	14678	45	14	3.35
crediticio	121105	14678	31	11	3.28
instrumentos	121105	14678	14	7	3.27
creciente	121105	14678	14	7	3.27
voz	121105	14678	23	9	3.12
layout	121105	14678	11	6	3.12
plantea	121105	14678	11	6	3.12
La	121105	14678	356	62	3.08
masa	121105	14678	15	7	3.06
afectar	121105	14678	15	7	3.06
hombre	121105	14678	38	12	3.03
parada	121105	14678	5	4	3.02
Actualmente	121105	14678	5	4	3.02
bonita	121105	14678	5	4	3.02
tacto	121105	14678	5	4	3.02
mediterráneo	121105	14678	5	4	3.02
lenta	121105	14678	5	4	3.02
estan	121105	14678	5	4	3.02
mejoramiento	121105	14678	5	4	3.02
blanda	121105	14678	5	4	3.02
duros	121105	14678	5	4	3.02
Judo	121105	14678	5	4	3.02
instantes	121105	14678	8	5	3.00
tabla	121105	14678	8	5	3.00
transición	121105	14678	8	5	3.00
financieras	121105	14678	8	5	3.00
verificar	121105	14678	8	5	3.00
Los	121105	14678	138	29	2.96
diferencia	121105	14678	20	8	2.91
buscando	121105	14678	12	6	2.87
financieros	121105	14678	12	6	2.87
permiten	121105	14678	12	6	2.87
necesita	121105	14678	16	7	2.86
y	121105	14678	3169	427	2.86
permite	121105	14678	25	9	2.84
obtener	121105	14678	25	9	2.84
‘	121105	14678	30	10	2.81
pueden	121105	14678	62	16	2.81
viento	121105	14678	21	8	2.75
algunas	121105	14678	21	8	2.75
opiniones	121105	14678	21	8	2.75
mirada	121105	14678	21	8	2.75
colombiano	121105	14678	3	3	2.75
coherentes	121105	14678	3	3	2.75
frigorificos	121105	14678	3	3	2.75
proporcionan	121105	14678	3	3	2.75
blogspot	121105	14678	3	3	2.75
ácidos	121105	14678	3	3	2.75
advierte	121105	14678	3	3	2.75
Kindle	121105	14678	3	3	2.75
Notes	121105	14678	3	3	2.75
Highlights	121105	14678	3	3	2.75
Pipas	121105	14678	3	3	2.75
Tepeyac	121105	14678	3	3	2.75
querer	121105	14678	3	3	2.75
morirse	121105	14678	3	3	2.75
Realiza	121105	14678	3	3	2.75
Estiramiento	121105	14678	3	3	2.75
4037824	121105	14678	3	3	2.75
Patria	121105	14678	3	3	2.75
tirones	121105	14678	3	3	2.75
instrumental	121105	14678	3	3	2.75
Jon	121105	14678	3	3	2.75
Fosse	121105	14678	3	3	2.75
autorizadas	121105	14678	3	3	2.75
preaprobadas	121105	14678	3	3	2.75
lado	121105	14678	41	12	2.73
podría	121105	14678	26	9	2.71
piedras	121105	14678	9	5	2.71
Algunos	121105	14678	9	5	2.71
solicitud	121105	14678	9	5	2.71
aliado	121105	14678	9	5	2.71
from	121105	14678	17	7	2.69
Entre	121105	14678	13	6	2.66
QUÉ	121105	14678	13	6	2.66
destaca	121105	14678	13	6	2.66
contrario	121105	14678	13	6	2.66
sensorial	121105	14678	6	4	2.60
complementar	121105	14678	6	4	2.60
gradualmente	121105	14678	6	4	2.60
Obligatorio	121105	14678	6	4	2.60
volviéndose	121105	14678	6	4	2.60
Reseñas	121105	14678	6	4	2.60
cocer	121105	14678	6	4	2.60
involucramiento	121105	14678	6	4	2.60
caderas	121105	14678	6	4	2.60
fina	121105	14678	6	4	2.60
estiramientos	121105	14678	6	4	2.60
rutina	121105	14678	6	4	2.60
caña	121105	14678	6	4	2.60
ratos	121105	14678	6	4	2.60
Cubrimos	121105	14678	6	4	2.60
repasador	121105	14678	6	4	2.60
teoría	121105	14678	6	4	2.60
principalmente	121105	14678	6	4	2.60
indican	121105	14678	6	4	2.60
Cuánto	121105	14678	6	4	2.60
SUAVE	121105	14678	32	10	2.59
momentos	121105	14678	27	9	2.59
’	121105	14678	60	15	2.55
SIMU	121105	14678	18	7	2.53
gobernanza	121105	14678	18	7	2.53
¿	121105	14678	295	50	2.48
dejamos	121105	14678	14	6	2.47
poemas	121105	14678	14	6	2.47
Temas	121105	14678	10	5	2.46
Druni	121105	14678	10	5	2.46
manejar	121105	14678	10	5	2.46
pelo	121105	14678	92	20	2.45
clave	121105	14678	34	10	2.39
fuerte	121105	14678	19	7	2.39
humana	121105	14678	29	9	2.37
como	121105	14678	633	95	2.37
López	121105	14678	24	8	2.36
otros	121105	14678	76	17	2.31
nano	121105	14678	15	6	2.30
iniciativas	121105	14678	15	6	2.30
Este	121105	14678	58	14	2.29
únicos	121105	14678	7	4	2.29
acabar	121105	14678	7	4	2.29
viral	121105	14678	7	4	2.29
impactos	121105	14678	7	4	2.29
sentía	121105	14678	7	4	2.29
cintura	121105	14678	7	4	2.29
ésta	121105	14678	7	4	2.29
reposar	121105	14678	7	4	2.29
precisa	121105	14678	7	4	2.29
Venezuela	121105	14678	7	4	2.29
diferencias	121105	14678	7	4	2.29
tantas	121105	14678	7	4	2.29
dar	121105	14678	30	9	2.27
lejos	121105	14678	11	5	2.25
ejemplos	121105	14678	11	5	2.25
lluvia	121105	14678	11	5	2.25
tendencias	121105	14678	25	8	2.25
reconfortante	121105	14678	4	3	2.20
texturas	121105	14678	4	3	2.20
funcionamiento	121105	14678	4	3	2.20
Adajusa	121105	14678	4	3	2.20
950	121105	14678	4	3	2.20
repite	121105	14678	4	3	2.20
explican	121105	14678	4	3	2.20
Palabras	121105	14678	4	3	2.20
Find	121105	14678	4	3	2.20
recordaba	121105	14678	4	3	2.20
standard	121105	14678	4	3	2.20
valiosa	121105	14678	4	3	2.20
preocuparse	121105	14678	4	3	2.20
limitar	121105	14678	4	3	2.20
promocionales	121105	14678	4	3	2.20
seguimiento	121105	14678	4	3	2.20
mito	121105	14678	4	3	2.20
soft	121105	14678	16	6	2.16
extra	121105	14678	16	6	2.16
Puede	121105	14678	16	6	2.16
dieta	121105	14678	16	6	2.16
significa	121105	14678	37	10	2.14
Somos	121105	14678	37	10	2.14
champús	121105	14678	21	7	2.14
características	121105	14678	21	7	2.14
Todo	121105	14678	21	7	2.14
importancia	121105	14678	32	9	2.09
Mocha	121105	14678	12	5	2.08
Mousse	121105	14678	12	5	2.08
ARRANCADORES	121105	14678	12	5	2.08
SUAVES	121105	14678	12	5	2.08
riesgo	121105	14678	27	8	2.05
explicación	121105	14678	8	4	2.05
Discusión	121105	14678	8	4	2.05
actualizado	121105	14678	8	4	2.05
hidratado	121105	14678	8	4	2.05
CEOE	121105	14678	8	4	2.05
muestra	121105	14678	8	4	2.05
Tabla	121105	14678	8	4	2.05
otoño	121105	14678	8	4	2.05
04	121105	14678	8	4	2.05
recuperar	121105	14678	8	4	2.05
respiración	121105	14678	8	4	2.05
cuestionarios	121105	14678	8	4	2.05
cuentas	121105	14678	8	4	2.05
incorporar	121105	14678	8	4	2.05
aparecen	121105	14678	8	4	2.05
activa	121105	14678	8	4	2.05
fines	121105	14678	8	4	2.05
siquiera	121105	14678	8	4	2.05
necesario	121105	14678	17	6	2.02
actividad	121105	14678	39	10	1.99
la	121105	14678	3513	446	1.93
mantiene	121105	14678	23	7	1.92
dedos	121105	14678	13	5	1.92
Para	121105	14678	78	16	1.91
pequeños	121105	14678	18	6	1.90
fecha	121105	14678	18	6	1.90
explorar	121105	14678	18	6	1.90
aplicaciones	121105	14678	18	6	1.90
buen	121105	14678	29	8	1.88
favorita	121105	14678	5	3	1.86
centavos	121105	14678	5	3	1.86
Portada	121105	14678	5	3	1.86
gradual	121105	14678	5	3	1.86
ajusta	121105	14678	5	3	1.86
resecar	121105	14678	5	3	1.86
primavera	121105	14678	5	3	1.86
Portugal	121105	14678	5	3	1.86
cualquiera	121105	14678	5	3	1.86
aliento	121105	14678	5	3	1.86
duración	121105	14678	5	3	1.86
Rosenhead	121105	14678	5	3	1.86
giro	121105	14678	5	3	1.86
poema	121105	14678	35	9	1.86
hojas	121105	14678	9	4	1.85
marcando	121105	14678	9	4	1.85
propiedades	121105	14678	9	4	1.85
Deja	121105	14678	9	4	1.85
relevantes	121105	14678	9	4	1.85
boca	121105	14678	9	4	1.85
húmedo	121105	14678	9	4	1.85
verificación	121105	14678	9	4	1.85
aseguró	121105	14678	2	2	1.83
Cuidado	121105	14678	2	2	1.83
resistir	121105	14678	2	2	1.83
suavizan	121105	14678	2	2	1.83
Terracota	121105	14678	2	2	1.83
terrosos	121105	14678	2	2	1.83
terracota	121105	14678	2	2	1.83
Lavanda	121105	14678	2	2	1.83
lavanda	121105	14678	2	2	1.83
encarecido	121105	14678	2	2	1.83
estables	121105	14678	2	2	1.83
208	121105	14678	2	2	1.83
192	121105	14678	2	2	1.83
Minimalismo	121105	14678	2	2	1.83
transmiten	121105	14678	2	2	1.83
encarnación	121105	14678	2	2	1.83
básicamente	121105	14678	2	2	1.83
alientan	121105	14678	2	2	1.83
hazaña	121105	14678	2	2	1.83
refiriéndose	121105	14678	2	2	1.83
Pronostican	121105	14678	2	2	1.83
aviación	121105	14678	2	2	1.83
aeronáutica	121105	14678	2	2	1.83
parecerse	121105	14678	2	2	1.83
tendrá	121105	14678	2	2	1.83
Invasión	121105	14678	2	2	1.83
conformarían	121105	14678	2	2	1.83
Webel	121105	14678	2	2	1.83
disminuirla	121105	14678	2	2	1.83
controlan	121105	14678	2	2	1.83
Arrancadores	121105	14678	2	2	1.83
asíncronos	121105	14678	2	2	1.83
Factor	121105	14678	2	2	1.83
siemens	121105	14678	2	2	1.83
potecncia	121105	14678	2	2	1.83
triangulo	121105	14678	2	2	1.83
paro	121105	14678	2	2	1.83
Optimización	121105	14678	2	2	1.83
videotutorial	121105	14678	2	2	1.83
explicaré	121105	14678	2	2	1.83
Fructis	121105	14678	2	2	1.83
luzca	121105	14678	2	2	1.83
radiante	121105	14678	2	2	1.83
Miracle	121105	14678	2	2	1.83
controla	121105	14678	2	2	1.83
Equilibra	121105	14678	2	2	1.83
huele	121105	14678	2	2	1.83
quejarnos	121105	14678	2	2	1.83
cautivadora	121105	14678	2	2	1.83
incendiario	121105	14678	2	2	1.83
acústica	121105	14678	2	2	1.83
típicamente	121105	14678	2	2	1.83
bailes	121105	14678	2	2	1.83
típicos	121105	14678	2	2	1.83
invitación	121105	14678	2	2	1.83
estresados	121105	14678	2	2	1.83
examinar	121105	14678	2	2	1.83
explora	121105	14678	2	2	1.83
ABSTRACT	121105	14678	2	2	1.83
autorregulatorios	121105	14678	2	2	1.83
Iniciativa	121105	14678	2	2	1.83
autorregulatoria	121105	14678	2	2	1.83
Afectando	121105	14678	2	2	1.83
disputado	121105	14678	2	2	1.83
Segundo	121105	14678	2	2	1.83
privada	121105	14678	2	2	1.83
soporte	121105	14678	2	2	1.83
otorga	121105	14678	2	2	1.83
ambivalente	121105	14678	2	2	1.83
centrales	121105	14678	2	2	1.83
museos	121105	14678	2	2	1.83
melancólico	121105	14678	2	2	1.83
transformarse	121105	14678	2	2	1.83
escapó	121105	14678	2	2	1.83
ceñido	121105	14678	2	2	1.83
lisura	121105	14678	2	2	1.83
vientre	121105	14678	2	2	1.83
efebo	121105	14678	2	2	1.83
desarmó	121105	14678	2	2	1.83
haberla	121105	14678	2	2	1.83
Pasó	121105	14678	2	2	1.83
rozan	121105	14678	2	2	1.83
expuesta	121105	14678	2	2	1.83
cervato	121105	14678	2	2	1.83
sudadera	121105	14678	2	2	1.83
latir	121105	14678	2	2	1.83
Escucho	121105	14678	2	2	1.83
escapa	121105	14678	2	2	1.83
facciones	121105	14678	2	2	1.83
masculinas	121105	14678	2	2	1.83
dilatación	121105	14678	2	2	1.83
frágiles	121105	14678	2	2	1.83
calcio	121105	14678	2	2	1.83
invitamos	121105	14678	2	2	1.83
pipas	121105	14678	2	2	1.83
potable	121105	14678	2	2	1.83
activarte	121105	14678	2	2	1.83
Retomar	121105	14678	2	2	1.83
movilidad	121105	14678	2	2	1.83
Rutina	121105	14678	2	2	1.83
Postura	121105	14678	2	2	1.83
Balasana	121105	14678	2	2	1.83
repeticiones	121105	14678	2	2	1.83
Acuéstate	121105	14678	2	2	1.83
vinieron	121105	14678	2	2	1.83
colisión	121105	14678	2	2	1.83
amables	121105	14678	2	2	1.83
ansiamos	121105	14678	2	2	1.83
traidora	121105	14678	2	2	1.83
agitará	121105	14678	2	2	1.83
esbelta	121105	14678	2	2	1.83
devolvedme	121105	14678	2	2	1.83
sienta	121105	14678	2	2	1.83
viscosos	121105	14678	2	2	1.83
queridos	121105	14678	2	2	1.83
elástica	121105	14678	2	2	1.83
Déjala	121105	14678	2	2	1.83
rodea	121105	14678	2	2	1.83
batir	121105	14678	2	2	1.83
pesca	121105	14678	2	2	1.83
observándolo	121105	14678	2	2	1.83
ocasional	121105	14678	2	2	1.83
expresiva	121105	14678	2	2	1.83
zapatos	121105	14678	2	2	1.83
lata	121105	14678	2	2	1.83
Estirar	121105	14678	2	2	1.83
alargadas	121105	14678	2	2	1.83
asta	121105	14678	2	2	1.83
cuchara	121105	14678	2	2	1.83
terso	121105	14678	2	2	1.83
sujetó	121105	14678	2	2	1.83
busc	121105	14678	2	2	1.83
reconoció	121105	14678	2	2	1.83
envuelva	121105	14678	2	2	1.83
Fragmento	121105	14678	2	2	1.83
Fondo	121105	14678	2	2	1.83
adquirir	121105	14678	2	2	1.83
VelardeLa	121105	14678	2	2	1.83
patriaHistoriasEscritoresPoesíaLibrosLeamos	121105	14678	2	2	1.83
chave	121105	14678	2	2	1.83
variadas	121105	14678	2	2	1.83
jerárquica	121105	14678	2	2	1.83
llevaron	121105	14678	2	2	1.83
ciencias	121105	14678	2	2	1.83
analizan	121105	14678	2	2	1.83
sectoriales	121105	14678	2	2	1.83
asume	121105	14678	2	2	1.83
modificación	121105	14678	2	2	1.83
Aplicación	121105	14678	2	2	1.83
posibilita	121105	14678	2	2	1.83
jizz	121105	14678	2	2	1.83
balada	121105	14678	2	2	1.83
desencarar	121105	14678	2	2	1.83
contundente	121105	14678	2	2	1.83
Encerrando	121105	14678	2	2	1.83
progresivo	121105	14678	2	2	1.83
delicia	121105	14678	2	2	1.83
diseñada	121105	14678	2	2	1.83
uhmmm	121105	14678	2	2	1.83
autobiográficas	121105	14678	2	2	1.83
imperfecto	121105	14678	2	2	1.83
distingue	121105	14678	2	2	1.83
acidez	121105	14678	2	2	1.83
impregna	121105	14678	2	2	1.83
filas	121105	14678	2	2	1.83
encantos	121105	14678	2	2	1.83
acariaba	121105	14678	2	2	1.83
derretiremos	121105	14678	2	2	1.83
BARCO	121105	14678	2	2	1.83
VIENTO	121105	14678	2	2	1.83
Cuanto	121105	14678	2	2	1.83
egocéntrica	121105	14678	2	2	1.83
narcisa	121105	14678	2	2	1.83
recio	121105	14678	2	2	1.83
varón	121105	14678	2	2	1.83
respira	121105	14678	2	2	1.83
ensancha	121105	14678	2	2	1.83
penumbra	121105	14678	2	2	1.83
Gigantesca	121105	14678	2	2	1.83
Peñota	121105	14678	2	2	1.83
afila	121105	14678	2	2	1.83
Siete	121105	14678	2	2	1.83
Picos	121105	14678	2	2	1.83
veneno	121105	14678	2	2	1.83
licor	121105	14678	2	2	1.83
domina	121105	14678	2	2	1.83
sembríos	121105	14678	2	2	1.83
sembrado	121105	14678	2	2	1.83
particularmente	121105	14678	2	2	1.83
Playlist	121105	14678	2	2	1.83
super	121105	14678	2	2	1.83
Landa	121105	14678	2	2	1.83
descubrió	121105	14678	2	2	1.83
iStock	121105	14678	2	2	1.83
tendían	121105	14678	2	2	1.83
posturas	121105	14678	2	2	1.83
relajadas	121105	14678	2	2	1.83
inmediato	121105	14678	2	2	1.83
facilite	121105	14678	2	2	1.83
escuchaban	121105	14678	2	2	1.83
Prensa	121105	14678	2	2	1.83
Consultas	121105	14678	2	2	1.83
inquiry	121105	14678	2	2	1.83
dañar	121105	14678	2	2	1.83
neutrales	121105	14678	2	2	1.83
solicitantes	121105	14678	2	2	1.83
Ventajas	121105	14678	2	2	1.83
Limitaciones	121105	14678	2	2	1.83
alteran	121105	14678	2	2	1.83
monitoreo	121105	14678	2	2	1.83
considere	121105	14678	2	2	1.83
disputar	121105	14678	2	2	1.83
agencia	121105	14678	2	2	1.83
Utilice	121105	14678	2	2	1.83
Mitos	121105	14678	2	2	1.83
realidades	121105	14678	2	2	1.83
Desmitificar	121105	14678	2	2	1.83
indicativo	121105	14678	2	2	1.83
requieren	121105	14678	2	2	1.83
generadas	121105	14678	2	2	1.83
desee	121105	14678	2	2	1.83
actualizar	121105	14678	2	2	1.83
llegaron	121105	14678	2	2	1.83
traídas	121105	14678	2	2	1.83
Instrucciones	121105	14678	2	2	1.83
Jugos	121105	14678	2	2	1.83
manzana	121105	14678	2	2	1.83
uva	121105	14678	2	2	1.83
Pimientos	121105	14678	2	2	1.83
introducirte	121105	14678	2	2	1.83
atentos	121105	14678	2	2	1.83
sobrevivido	121105	14678	2	2	1.83
4kW	121105	14678	2	2	1.83
hp	121105	14678	2	2	1.83
416	121105	14678	2	2	1.83
9788494360633	121105	14678	2	2	1.83
MUESTRA	121105	14678	2	2	1.83
autobiográficos	121105	14678	2	2	1.83
Ofrecemos	121105	14678	2	2	1.83
recreó	121105	14678	2	2	1.83
amargas	121105	14678	2	2	1.83
publicaba	121105	14678	2	2	1.83
confesional	121105	14678	2	2	1.83
bravas	121105	14678	2	2	1.83
Wikiquote	121105	14678	2	2	1.83
matiz	121105	14678	2	2	1.83
conquistará	121105	14678	2	2	1.83
gaucha	121105	14678	2	2	1.83
jalapeno	121105	14678	2	2	1.83
fal	121105	14678	2	2	1.83
cto	121105	14678	2	2	1.83
giros	121105	14678	2	2	1.83
autoestima	121105	14678	2	2	1.83
sónicas	121105	14678	2	2	1.83
deslizamiento	121105	14678	2	2	1.83
indecisos	121105	14678	2	2	1.83
Iria	121105	14678	2	2	1.83
Parente	121105	14678	2	2	1.83
Eirene	121105	14678	2	2	1.83
tocan	121105	14678	2	2	1.83
anillos	121105	14678	2	2	1.83
desierto	121105	14678	2	2	1.83
Trazó	121105	14678	2	2	1.83
mentón	121105	14678	2	2	1.83
encajaron	121105	14678	2	2	1.83
jūjutsu	121105	14678	2	2	1.83
lit	121105	14678	2	2	1.83
cáscaras	121105	14678	2	2	1.83
granulados	121105	14678	2	2	1.83
rol	121105	14678	24	7	1.83
papel	121105	14678	24	7	1.83
deja	121105	14678	19	6	1.80
presenta	121105	14678	19	6	1.80
Velarde	121105	14678	19	6	1.80
tonos	121105	14678	14	5	1.79
Checkland	121105	14678	14	5	1.79
musicales	121105	14678	14	5	1.79
identificar	121105	14678	14	5	1.79
ser	121105	14678	130	23	1.77
después	121105	14678	62	13	1.74
parte	121105	14678	96	18	1.74
“	121105	14678	229	36	1.70
línea	121105	14678	10	4	1.68
popular	121105	14678	10	4	1.68
brillo	121105	14678	10	4	1.68
V	121105	14678	10	4	1.68
útil	121105	14678	10	4	1.68
ningún	121105	14678	10	4	1.68
Ramón	121105	14678	10	4	1.68
Otro	121105	14678	10	4	1.68
estructurados	121105	14678	10	4	1.68
permitió	121105	14678	10	4	1.68
consumo	121105	14678	10	4	1.68
siempre	121105	14678	57	12	1.67
contexto	121105	14678	15	5	1.67
entrevistas	121105	14678	15	5	1.67
Sí	121105	14678	15	5	1.67
mejores	121105	14678	38	9	1.66
Diseño	121105	14678	26	7	1.66
crecimiento	121105	14678	26	7	1.66
Su	121105	14678	32	8	1.66
sobre	121105	14678	209	33	1.65
lujo	121105	14678	6	3	1.62
landing	121105	14678	6	3	1.62
cárteles	121105	14678	6	3	1.62
USARLOS	121105	14678	6	3	1.62
envolvente	121105	14678	6	3	1.62
comparten	121105	14678	6	3	1.62
Dos	121105	14678	6	3	1.62
diferente	121105	14678	6	3	1.62
Genres	121105	14678	6	3	1.62
beso	121105	14678	6	3	1.62
errores	121105	14678	6	3	1.62
Murakami	121105	14678	6	3	1.62
abrazo	121105	14678	6	3	1.62
send	121105	14678	6	3	1.62
fundamentales	121105	14678	6	3	1.62
humano	121105	14678	6	3	1.62
optimizar	121105	14678	6	3	1.62
influyen	121105	14678	6	3	1.62
reflejan	121105	14678	6	3	1.62
compañías	121105	14678	6	3	1.62
informadas	121105	14678	6	3	1.62
tierna	121105	14678	6	3	1.62
Jalapeño	121105	14678	6	3	1.62
no	121105	14678	575	79	1.61
by	121105	14678	33	8	1.59
hacia	121105	14678	73	14	1.57
parece	121105	14678	16	5	1.56
yo	121105	14678	40	9	1.55
consecuencia	121105	14678	11	4	1.54
medidas	121105	14678	11	4	1.54
útiles	121105	14678	11	4	1.54
importantes	121105	14678	22	6	1.52
sido	121105	14678	41	9	1.50
com	121105	14678	90	16	1.48
manera	121105	14678	62	12	1.47
acciones	121105	14678	17	5	1.46
1996	121105	14678	17	5	1.46
inglés	121105	14678	23	6	1.45
él	121105	14678	49	10	1.44
intensidad	121105	14678	7	3	1.43
tranquilas	121105	14678	7	3	1.43
piernas	121105	14678	7	3	1.43
posición	121105	14678	7	3	1.43
show_faces	121105	14678	7	3	1.43
caminar	121105	14678	7	3	1.43
edición	121105	14678	7	3	1.43
Gaucha	121105	14678	7	3	1.43
Por	121105	14678	92	16	1.43
salud	121105	14678	36	8	1.42
entre	121105	14678	200	30	1.42
presente	121105	14678	12	4	1.42
modificar	121105	14678	12	4	1.42
false	121105	14678	12	4	1.42
búsqueda	121105	14678	12	4	1.42
más	121105	14678	581	76	1.42
Institute	121105	14678	3	2	1.41
temperaturas	121105	14678	3	2	1.41
seguirán	121105	14678	3	2	1.41
cremoso	121105	14678	3	2	1.41
ejecución	121105	14678	3	2	1.41
atractivos	121105	14678	3	2	1.41
propone	121105	14678	3	2	1.41
pronóstico	121105	14678	3	2	1.41
añadió	121105	14678	3	2	1.41
subimos	121105	14678	3	2	1.41
hablado	121105	14678	3	2	1.41
noventa	121105	14678	3	2	1.41
asociado	121105	14678	3	2	1.41
raro	121105	14678	3	2	1.41
promesas	121105	14678	3	2	1.41
respaldo	121105	14678	3	2	1.41
estrella	121105	14678	3	2	1.41
tarda	121105	14678	3	2	1.41
pertenece	121105	14678	3	2	1.41
emulsiona	121105	14678	3	2	1.41
definitiva	121105	14678	3	2	1.41
limpiadores	121105	14678	3	2	1.41
72	121105	14678	3	2	1.41
nutrido	121105	14678	3	2	1.41
gruesa	121105	14678	3	2	1.41
almendras	121105	14678	3	2	1.41
ajo	121105	14678	3	2	1.41
guitarra	121105	14678	3	2	1.41
clasificar	121105	14678	3	2	1.41
auriculares	121105	14678	3	2	1.41
Identidades	121105	14678	3	2	1.41
mandatoria	121105	14678	3	2	1.41
necesitas	121105	14678	3	2	1.41
estatales	121105	14678	3	2	1.41
distribución	121105	14678	3	2	1.41
disputa	121105	14678	3	2	1.41
modelar	121105	14678	3	2	1.41
acercamiento	121105	14678	3	2	1.41
efectivas	121105	14678	3	2	1.41
galerías	121105	14678	3	2	1.41
colectiva	121105	14678	3	2	1.41
portugueses	121105	14678	3	2	1.41
acuarela	121105	14678	3	2	1.41
seda	121105	14678	3	2	1.41
juntos	121105	14678	3	2	1.41
atractivo	121105	14678	3	2	1.41
toques	121105	14678	3	2	1.41
sales	121105	14678	3	2	1.41
magnesio	121105	14678	3	2	1.41
consumir	121105	14678	3	2	1.41
disminuye	121105	14678	3	2	1.41
ayudarán	121105	14678	3	2	1.41
glúteos	121105	14678	3	2	1.41
tonificar	121105	14678	3	2	1.41
Comienza	121105	14678	3	2	1.41
arroyo	121105	14678	3	2	1.41
oh	121105	14678	3	2	1.41
Están	121105	14678	3	2	1.41
cubierto	121105	14678	3	2	1.41
tierno	121105	14678	3	2	1.41
risa	121105	14678	3	2	1.41
Estás	121105	14678	3	2	1.41
crema	121105	14678	3	2	1.41
bandejas	121105	14678	3	2	1.41
enfriado	121105	14678	3	2	1.41
›	121105	14678	3	2	1.41
blandas	121105	14678	3	2	1.41
comenzado	121105	14678	3	2	1.41
escribió	121105	14678	3	2	1.41
negó	121105	14678	3	2	1.41
Antecedentes	121105	14678	3	2	1.41
frenada	121105	14678	3	2	1.41
atmosférico	121105	14678	3	2	1.41
reconfortado	121105	14678	3	2	1.41
hervir	121105	14678	3	2	1.41
nata	121105	14678	3	2	1.41
político	121105	14678	3	2	1.41
unen	121105	14678	3	2	1.41
destinado	121105	14678	3	2	1.41
básico	121105	14678	3	2	1.41
terreno	121105	14678	3	2	1.41
actuación	121105	14678	3	2	1.41
mostraban	121105	14678	3	2	1.41
refugio	121105	14678	3	2	1.41
afecta	121105	14678	3	2	1.41
frecuentemente	121105	14678	3	2	1.41
contextos	121105	14678	3	2	1.41
negativas	121105	14678	3	2	1.41
realizarse	121105	14678	3	2	1.41
Importancia	121105	14678	3	2	1.41
accesibles	121105	14678	3	2	1.41
informativas	121105	14678	3	2	1.41
ampliamente	121105	14678	3	2	1.41
brindar	121105	14678	3	2	1.41
desconocida	121105	14678	3	2	1.41
malentendidos	121105	14678	3	2	1.41
permiso	121105	14678	3	2	1.41
explícito	121105	14678	3	2	1.41
asociadas	121105	14678	3	2	1.41
optar	121105	14678	3	2	1.41
periódica	121105	14678	3	2	1.41
llenas	121105	14678	3	2	1.41
hermosas	121105	14678	3	2	1.41
Mantequilla	121105	14678	3	2	1.41
cacahuate	121105	14678	3	2	1.41
maní	121105	14678	3	2	1.41
silenciosa	121105	14678	3	2	1.41
LEER	121105	14678	3	2	1.41
opulencia	121105	14678	3	2	1.41
destructiva	121105	14678	3	2	1.41
Gatsby	121105	14678	3	2	1.41
encantado	121105	14678	3	2	1.41
alberga	121105	14678	3	2	1.41
levantar	121105	14678	3	2	1.41
Chaol	121105	14678	3	2	1.41
sensibles	121105	14678	3	2	1.41
yemas	121105	14678	3	2	1.41
encontraron	121105	14678	3	2	1.41
míos	121105	14678	3	2	1.41
Cómo	121105	14678	50	10	1.40
se	121105	14678	884	108	1.39
por	121105	14678	817	101	1.38
piel	121105	14678	24	6	1.38
Noticias	121105	14678	18	5	1.38
horas	121105	14678	18	5	1.38
importante	121105	14678	44	9	1.36
color	121105	14678	58	11	1.36
estos	121105	14678	58	11	1.36
manos	121105	14678	31	7	1.34
10	121105	14678	88	15	1.34
mientras	121105	14678	45	9	1.32
2018	121105	14678	13	4	1.32
pasar	121105	14678	13	4	1.32
procesos	121105	14678	13	4	1.32
evaluar	121105	14678	13	4	1.32
Se	121105	14678	67	12	1.31
regulatorias	121105	14678	19	5	1.30
tesis	121105	14678	19	5	1.30
posibles	121105	14678	19	5	1.30
usted	121105	14678	19	5	1.30
Comments	121105	14678	8	3	1.28
frizz	121105	14678	8	3	1.28
sección	121105	14678	8	3	1.28
magia	121105	14678	8	3	1.28
Share	121105	14678	8	3	1.28
comunes	121105	14678	8	3	1.28
colocar	121105	14678	8	3	1.28
cabo	121105	14678	8	3	1.28
saludable	121105	14678	8	3	1.28
Salsa	121105	14678	8	3	1.28
mí	121105	14678	26	6	1.26
aún	121105	14678	26	6	1.26
qué	121105	14678	100	16	1.25
interés	121105	14678	33	7	1.24
forma	121105	14678	77	13	1.24
todavía	121105	14678	20	5	1.23
concepto	121105	14678	14	4	1.23
limpieza	121105	14678	14	4	1.23
bienestar	121105	14678	14	4	1.23
luego	121105	14678	14	4	1.23
arriba	121105	14678	14	4	1.23
relacionada	121105	14678	14	4	1.23
manejo	121105	14678	14	4	1.23
prestamistas	121105	14678	14	4	1.23
información	121105	14678	63	11	1.21
stakeholders	121105	14678	27	6	1.21
muchos	121105	14678	27	6	1.21
media	121105	14678	21	5	1.17
novela	121105	14678	21	5	1.17
bonsáis	121105	14678	4	2	1.17
cálida	121105	14678	4	2	1.17
luminosidad	121105	14678	4	2	1.17
baños	121105	14678	4	2	1.17
Rosa	121105	14678	4	2	1.17
premisa	121105	14678	4	2	1.17
Biden	121105	14678	4	2	1.17
cifras	121105	14678	4	2	1.17
diría	121105	14678	4	2	1.17
mexicanos	121105	14678	4	2	1.17
plan	121105	14678	4	2	1.17
serían	121105	14678	4	2	1.17
Esquema	121105	14678	4	2	1.17
Mirar	121105	14678	4	2	1.17
Garnier	121105	14678	4	2	1.17
conocidos	121105	14678	4	2	1.17
brillantes	121105	14678	4	2	1.17
destacando	121105	14678	4	2	1.17
piano	121105	14678	4	2	1.17
norte	121105	14678	4	2	1.17
tradiciones	121105	14678	4	2	1.17
continúan	121105	14678	4	2	1.17
Escuchar	121105	14678	4	2	1.17
favorece	121105	14678	4	2	1.17
esquemas	121105	14678	4	2	1.17
comando	121105	14678	4	2	1.17
previamente	121105	14678	4	2	1.17
nación	121105	14678	4	2	1.17
usada	121105	14678	4	2	1.17
integración	121105	14678	4	2	1.17
difusión	121105	14678	4	2	1.17
existentes	121105	14678	4	2	1.17
efectividad	121105	14678	4	2	1.17
necesito	121105	14678	4	2	1.17
alegre	121105	14678	4	2	1.17
soltar	121105	14678	4	2	1.17
GABRIEL	121105	14678	4	2	1.17
enciende	121105	14678	4	2	1.17
Rafaela	121105	14678	4	2	1.17
mejilla	121105	14678	4	2	1.17
besó	121105	14678	4	2	1.17
chico	121105	14678	4	2	1.17
Amor	121105	14678	4	2	1.17
